customer_id,first_name,last_name,email,phone,country,created_at
1,Zachary,Roberts,zachary@gmail.com,,MX,2024-07-03
2,Donna,Williams,donna@hotmail.com,5895790679,CN,2024-05-13
3,Dana,Kim,dana@gmail.com,,CN,2024-06-12
4,Timothy,Edwards,timothy@gmail.com,3454426564,MX,2025-09-13
5,James,Martinez,james@yahoo.com,8358273786,CN,2024-06-09
6,Karen,Barnes,karen@invalid,,UK,2025-08-24
7,Robert,Phillips,robert@hotmail.com,1681646798,UK,2025-03-24
8,Patrick,Roberts,patrick@yahoo.com,1303860732,MX,2024-01-16
9,Stephanie,Dean,stephanie@hotmail.com,8537055793,IN,2025-05-11
10,Gloria,Huerta,gloria@gmail.com,5324994778,IN,2025-06-28
11,Patricia,Washington,patricia@hotmail.com,0003949869,UK,2024-08-07
12,James,Mcknight,james@hotmail.com,3307981436,US,2025-08-19
13,Tiffany,Daniels,tiffany@gmail.com,1356531284,UK,2024-06-18
14,Lisa,Morales,lisa@hotmail.com,6862057606,DE,2024-05-05
15,Julie,Weiss,julie@gmail.com,8817153044,IN,2024-09-04
16,Phillip,Perez,phillip@hotmail.com,9940777044,CN,2025-01-22
17,Michael,Jimenez,,0913616877,IN,2023-11-18
18,Karen,Smith,karen@invalid,8977375009,UK,2025-01-14
19,Angela,Kim,angela@hotmail.com,0908180019,UK,2025-10-23
20,Kimberly,Martinez,kimberly@invalid,1654472035,UK,2023-11-17
21,Brian,Miller,brian@yahoo.com,5682587157,IN,2023-12-10
22,Eugene,Arroyo,eugene@gmail.com,3918732375,IN,2025-06-04
23,Karen,Silva,karen@invalid,4588343711,US,2024-09-09
24,Jose,Owens,jose@yahoo.com,6184004342,MX,2024-08-14
25,Darryl,Peterson,darryl@gmail.com,3681329374,US,2024-06-09
26,Walter,Huffman,walter@gmail.com,3735760040,DE,2024-02-02
27,Kenneth,Huerta,,2604231807,IN,2024-01-15
28,Ebony,Long,ebony@yahoo.com,2405787778,MX,2025-02-27
29,Teresa,Hansen,teresa@yahoo.com,7154527238,IN,2025-09-08
30,Donald,Medina,donald@yahoo.com,7455913063,DE,2024-09-21
31,Tanner,Shah,tanner@invalid,2266896280,CN,2024-09-23
32,Laura,Casey,laura@invalid,2446712388,IN,2024-07-02
33,Jodi,Olsen,jodi@hotmail.com,2521976976,IN,2024-09-07
34,Julia,Allen,julia@hotmail.com,5148922288,DE,2024-03-31
35,James,Carrillo,james@gmail.com,6946695171,UK,2025-04-01
36,Rachel,Warner,rachel@gmail.com,8658621060,US,2024-01-27
37,Mark,Lara,mark@gmail.com,,US,2024-01-30
38,Mark,Hall,,,DE,2025-02-09
39,Hailey,Perry,hailey@yahoo.com,9318635330,IN,2025-08-28
40,Steven,Perez,,1545204463,UK,2025-02-20
41,Courtney,Garcia,courtney@hotmail.com,4635522470,CN,2024-04-19
42,Rebekah,Marks,,5927903769,CN,2024-02-10
43,April,Blake,april@gmail.com,2825291345,IN,2024-03-16
44,Henry,Gross,,9524381849,DE,2025-05-08
45,Ashley,Allen,ashley@hotmail.com,7937058581,US,2024-06-17
46,Carol,Maynard,carol@gmail.com,8544014031,MX,2024-09-14
47,Sarah,Clark,sarah@gmail.com,7267257133,UK,2024-02-23
48,Beth,Fritz,,2868207632,US,2025-01-22
49,Gerald,Hendricks,gerald@hotmail.com,9595201998,IN,2024-08-16
50,Dawn,Brewer,,5388267637,IN,2025-02-18
51,Kristin,Clay,kristin@hotmail.com,1428873001,CN,2025-03-12
52,Gregory,Smith,gregory@hotmail.com,7266798642,CN,2024-06-12
53,Erica,Jones,erica@hotmail.com,9954968366,UK,2024-03-31
54,William,Stephens,william@invalid,3531059459,DE,2024-04-19
55,Mitchell,Martinez,mitchell@gmail.com,,US,2025-09-08
56,David,Figueroa,david@hotmail.com,1622064352,US,2025-03-10
57,Erica,Smith,erica@yahoo.com,6775002086,CN,2024-10-28
58,David,Odom,david@yahoo.com,,CN,2024-09-10
59,Matthew,Velez,matthew@hotmail.com,9814128595,UK,2024-03-02
60,Jasmine,Conway,jasmine@hotmail.com,9077445586,MX,2024-12-15
61,Courtney,Barnes,courtney@hotmail.com,1811704331,DE,2025-02-04
62,William,Walsh,william@yahoo.com,7507159498,US,2024-07-03
63,Yolanda,Adkins,,,UK,2024-07-25
64,Kelly,Hernandez,kelly@yahoo.com,3599920594,MX,2024-02-29
65,Kenneth,May,kenneth@gmail.com,4682565667,UK,2025-01-18
66,Shelly,Mills,shelly@invalid,7180853488,DE,2025-09-29
67,David,Mitchell,,5313865426,US,2024-03-01
68,Nathan,Henderson,nathan@gmail.com,3336847076,IN,2024-06-30
69,Dean,Bernard,,9393026977,CN,2024-04-19
70,Donna,Hall,donna@gmail.com,,CN,2023-11-16
71,Andrew,Wright,andrew@yahoo.com,7630824242,UK,2024-07-16
72,Darrell,Burgess,darrell@yahoo.com,1875768798,US,2024-06-11
73,Katelyn,Stone,katelyn@hotmail.com,,MX,2025-06-13
74,David,Rich,david@hotmail.com,5184850179,MX,2024-09-24
75,Jeffrey,Ford,jeffrey@gmail.com,9523843366,US,2025-05-31
76,Caleb,Chang,caleb@yahoo.com,7572969385,IN,2025-01-07
77,Olivia,Holt,olivia@gmail.com,0539630138,IN,2024-02-29
78,Tammy,Gutierrez,tammy@gmail.com,5683535029,US,2023-12-29
79,Dawn,Coleman,dawn@yahoo.com,3854867646,MX,2025-07-30
80,Michael,Brown,michael@gmail.com,1164738979,MX,2024-08-15
81,Stephen,Ball,stephen@invalid,8450914485,UK,2024-11-13
82,Christina,Brooks,christina@gmail.com,3266652285,DE,2025-09-01
83,Erin,Anderson,erin@gmail.com,1867311579,MX,2024-08-23
84,Jesse,Lang,,8518723523,US,2024-09-21
85,Cory,Smith,cory@invalid,4444809181,MX,2025-05-17
86,Sarah,Edwards,,7556575184,IN,2024-10-10
87,Jessica,Hogan,jessica@yahoo.com,2476499327,UK,2024-03-18
88,Jeffrey,Brady,jeffrey@yahoo.com,6719348111,UK,2024-02-20
89,Jennifer,Dorsey,jennifer@gmail.com,6844763752,DE,2024-04-06
90,Katherine,Kennedy,,8392230504,CN,2025-04-17
91,Timothy,Henderson,timothy@yahoo.com,6034014790,MX,2025-02-19
92,Gregory,Murphy,gregory@yahoo.com,,US,2024-12-11
93,Lisa,Keith,lisa@yahoo.com,5458093860,DE,2025-08-09
94,Terry,Simmons,,0761745282,US,2025-08-29
95,Justin,Andrews,justin@gmail.com,9099193211,UK,2025-10-10
96,Melissa,Edwards,melissa@yahoo.com,6369971311,US,2024-03-25
97,Kelli,Day,kelli@yahoo.com,3239917700,US,2025-01-22
98,William,Reyes,william@yahoo.com,8030424500,CN,2025-07-20
99,Heather,Pierce,heather@invalid,8606672201,CN,2024-01-22
100,Tiffany,Coleman,tiffany@gmail.com,8452758312,US,2024-11-24
101,Peter,Beasley,peter@invalid,6354531628,UK,2024-06-11
102,Jacqueline,Watson,jacqueline@hotmail.com,8235488538,UK,2025-02-02
103,Joseph,Sparks,,,US,2025-01-24
104,Hannah,Mahoney,hannah@gmail.com,1495095110,IN,2024-08-14
105,Henry,Ball,henry@yahoo.com,4377029134,MX,2025-07-03
106,Brandi,Pratt,brandi@gmail.com,,UK,2023-11-23
107,Michael,Garcia,michael@gmail.com,3376810999,US,2025-02-21
108,Lauren,Ballard,lauren@yahoo.com,4171395602,IN,2024-08-13
109,Monique,Ray,,1059783400,DE,2025-03-22
110,Sharon,Foster,sharon@yahoo.com,,US,2024-02-19
111,Kayla,Gomez,kayla@gmail.com,2593247184,US,2024-04-08
112,Nathan,Garcia,nathan@gmail.com,4776684136,US,2025-09-20
113,Melissa,Washington,melissa@invalid,,CN,2024-01-02
114,Susan,Velasquez,susan@yahoo.com,2602300327,IN,2024-06-29
115,Nicholas,Smith,nicholas@yahoo.com,1398021812,DE,2024-02-26
116,Daniel,Smith,daniel@gmail.com,9181084668,UK,2024-03-12
117,Tracy,Parks,tracy@gmail.com,8563363738,IN,2024-06-15
118,Cody,Jefferson,cody@hotmail.com,6860470868,UK,2023-11-26
119,Jerome,Gonzalez,jerome@yahoo.com,5536881583,CN,2024-12-10
120,Gary,Newman,gary@hotmail.com,3839317639,US,2024-01-20
121,James,Holden,james@gmail.com,,DE,2025-10-19
122,Daniel,Orozco,daniel@gmail.com,8285025223,MX,2024-05-27
123,Michael,Brandt,michael@gmail.com,8078047742,IN,2023-12-26
124,Teresa,Miller,,0023091286,UK,2023-11-07
125,Joshua,Gardner,joshua@yahoo.com,0928260990,US,2024-05-24
126,Tami,Bennett,,4556502928,US,2025-10-01
127,Andrew,Frazier,andrew@yahoo.com,6156863473,DE,2023-11-08
128,Derek,Castro,derek@gmail.com,6478817991,CN,2023-12-20
129,Jason,Boone,jason@yahoo.com,6257818001,UK,2025-01-17
130,Brandon,Grant,brandon@invalid,6771905296,DE,2024-08-14
131,Taylor,Perkins,taylor@gmail.com,5719117247,DE,2025-10-25
132,Joseph,Griffin,joseph@yahoo.com,1533107405,US,2024-01-31
133,Ryan,Johnson,ryan@invalid,7933138155,IN,2024-04-24
134,Thomas,Frederick,thomas@gmail.com,5443956659,UK,2025-04-25
135,Alan,Jones,alan@hotmail.com,7328344068,MX,2024-01-08
136,Casey,Rogers,casey@gmail.com,1092795506,UK,2025-09-06
137,Jill,Ballard,,9567172180,MX,2024-08-12
138,Amy,Wilson,amy@hotmail.com,7065819383,DE,2025-05-10
139,Robin,Velazquez,robin@hotmail.com,2408904825,US,2024-06-21
140,Claire,Wood,claire@yahoo.com,3494348407,CN,2025-05-24
141,Travis,Pearson,travis@yahoo.com,7467469067,MX,2025-04-25
142,Rebecca,Watts,rebecca@gmail.com,,US,2025-03-02
143,Joseph,Robertson,joseph@yahoo.com,8618075189,UK,2024-01-06
144,Jeremy,Hawkins,jeremy@yahoo.com,2126056654,DE,2024-07-18
145,Amanda,Huynh,amanda@invalid,1518443669,IN,2024-05-05
146,Daniel,Rubio,daniel@yahoo.com,6153416916,UK,2025-09-12
147,Jade,Allen,jade@yahoo.com,7061400136,MX,2025-09-06
148,Anthony,Davis,anthony@hotmail.com,4047395252,DE,2024-08-23
149,Samantha,Flores,samantha@hotmail.com,5721392412,MX,2024-08-31
150,Victoria,Meyer,victoria@gmail.com,6041317241,DE,2024-10-01
151,Claudia,Carter,claudia@gmail.com,7643395737,DE,2025-05-23
152,Caroline,Cooper,caroline@gmail.com,3002783719,DE,2025-10-15
153,Stephen,Bailey,stephen@yahoo.com,4751064050,MX,2024-12-06
154,William,Jimenez,william@yahoo.com,2782815094,US,2025-08-31
155,Michelle,Fuentes,michelle@invalid,6561484915,MX,2025-05-29
156,Kimberly,Torres,kimberly@yahoo.com,0546404898,UK,2025-08-17
157,Michelle,Lee,michelle@yahoo.com,7507875603,DE,2025-08-07
158,Michael,Wiggins,michael@hotmail.com,3272448030,CN,2025-09-14
159,Yvonne,Oliver,yvonne@hotmail.com,,IN,2024-05-22
160,Alyssa,Scott,alyssa@hotmail.com,7215746261,UK,2024-10-20
161,Danielle,Bennett,danielle@gmail.com,3912455390,US,2024-01-09
162,Cindy,Bryant,cindy@yahoo.com,2651768975,UK,2024-10-21
163,Tyler,Lee,tyler@gmail.com,,DE,2025-03-26
164,Tina,Rios,tina@gmail.com,9674344550,IN,2025-02-17
165,Sean,Doyle,,9409020396,IN,2025-01-25
166,Brandon,Powell,brandon@gmail.com,2492221864,CN,2025-02-08
167,Sue,Mahoney,sue@gmail.com,7565145659,MX,2024-02-26
168,Albert,Carson,,1933492581,IN,2025-10-03
169,Lisa,Mitchell,lisa@yahoo.com,5879176924,US,2025-06-27
170,Kevin,Garcia,kevin@gmail.com,4427264902,CN,2025-07-11
171,Bryan,Snyder,,5836440087,CN,2025-09-21
172,Tony,Noble,,9231309036,IN,2024-09-25
173,Shannon,Odonnell,shannon@gmail.com,5181349734,CN,2025-09-02
174,Jonathan,Simmons,,9184462888,UK,2025-06-01
175,Jennifer,Woods,jennifer@hotmail.com,1021547537,US,2024-05-05
176,Charles,Woodard,charles@yahoo.com,2583895890,DE,2024-01-10
177,Kelly,Montgomery,kelly@hotmail.com,0963071565,DE,2024-05-14
178,Justin,Scott,justin@invalid,5473404015,CN,2024-03-10
179,Justin,Rodriguez,justin@hotmail.com,8892133398,DE,2025-07-21
180,Daniel,Pearson,daniel@gmail.com,,US,2024-12-06
181,Destiny,Parsons,destiny@yahoo.com,,MX,2024-03-23
182,Katherine,Roberts,katherine@invalid,4709746923,US,2025-05-14
183,Cory,Garrett,cory@hotmail.com,1190890071,US,2024-04-01
184,Gordon,Rodriguez,gordon@yahoo.com,3577705588,UK,2025-03-02
185,Justin,Price,justin@hotmail.com,7939015890,UK,2025-05-01
186,James,Bell,james@gmail.com,3558043989,MX,2025-01-12
187,Mark,Martinez,,6874759093,MX,2025-09-23
188,Jennifer,Smith,jennifer@gmail.com,0132093548,CN,2025-09-25
189,David,Rogers,david@hotmail.com,0137229332,UK,2024-06-05
190,Michael,Turner,michael@yahoo.com,8409193699,CN,2024-01-12
191,Ana,Moreno,ana@invalid,0364901833,CN,2024-10-27
192,Sean,Dalton,,7275393816,DE,2024-12-18
193,Stephen,Benson,stephen@hotmail.com,7894222974,UK,2025-04-11
194,Danielle,Mclaughlin,danielle@hotmail.com,6477456156,US,2025-10-04
195,Frances,Willis,frances@hotmail.com,4355192931,US,2024-01-03
196,Kevin,King,kevin@hotmail.com,6271516308,IN,2025-09-19
197,Alison,Rhodes,alison@hotmail.com,5032174730,IN,2024-04-14
198,Evan,Schmidt,evan@gmail.com,0448163085,UK,2024-05-24
199,Danny,Wood,danny@hotmail.com,2760178060,MX,2025-09-21
200,Justin,Goodman,justin@invalid,4706939970,DE,2024-07-25
134,Thomas,Frederick,thomas@gmail.com,5443956659,UK,2025-04-25
141,Travis,Pearson,travis@yahoo.com,7467469067,MX,2025-04-25
102,Jacqueline,Watson,jacqueline@hotmail.com,8235488538,UK,2025-02-02
130,Brandon,Grant,brandon@invalid,6771905296,DE,2024-08-14
96,Melissa,Edwards,melissa@yahoo.com,6369971311,US,2024-03-25
121,James,Holden,james@gmail.com,,DE,2025-10-19
44,Henry,Gross,,9524381849,DE,2025-05-08
77,Olivia,Holt,olivia@gmail.com,0539630138,IN,2024-02-29
24,Jose,Owens,jose@yahoo.com,6184004342,MX,2024-08-14
168,Albert,Carson,,1933492581,IN,2025-10-03
